Date/Time,Code Space,ID,Sensor 1,Units 1,Sensor 2,Units 2,Transmitter Name,Transmitter S/N,Receiver Name,Receiver S/N,Station Name,Station Latitude,Station Longitude
2011-03-13 22:51:57,A69-1303,46232,,,,,,,VR2W-111432,111432,,,
2011-03-13 22:53:25,A69-1601,26927,,,,,,,VR2W-111432,111432,,,
2011-03-13 22:57:21,A69-1303,46232,,,,,,,VR2W-111432,111432,,,
2011-03-13 22:58:53,A69-1303,46232,,,,,,,VR2W-111432,111432,,,
2011-03-13 23:01:03,A69-1303,46232,,,,,,,VR2W-111432,111432,,,
2011-03-13 23:03:10,A69-1303,46232,,,,,,,VR2W-111432,111432,,,
2011-03-13 23:05:11,A69-1303,46232,,,,,,,VR2W-111432,111432,,,
2011-03-13 23:08:22,A69-1303,46232,,,,,,,VR2W-111432,111432,,,
2011-03-13 23:10:15,A69-1303,46232,,,,,,,VR2W-111432,111432,,,
2011-03-13 23:11:48,A69-1303,46232,,,,,,,VR2W-111432,111432,,,
2011-03-14 05:09:03,A69-1303,46232,,,,,,,VR2W-111432,111432,,,
2011-03-14 05:11:01,A69-1303,46232,,,,,,,VR2W-111432,111432,,,
2011-03-14 05:12:44,A69-1303,46232,,,,,,,VR2W-111432,111432,,,
2011-03-14 05:13:57,A69-1303,46232,,,,,,,VR2W-111432,111432,,,
2011-03-15 18:19:47,A69-1303,46217,,,,,,,VR2W-111432,111432,,,
2011-03-15 18:26:11,A69-1303,46232,,,,,,,VR2W-111432,111432,,,
2011-03-15 18:27:32,A69-1303,46232,,,,,,,VR2W-111432,111432,,,
2011-03-15 18:29:19,A69-1303,46232,,,,,,,VR2W-111432,111432,,,
2011-03-15 18:30:40,A69-1303,46232,,,,,,,VR2W-111432,111432,,,
2011-03-15 18:32:30,A69-1303,46232,,,,,,,VR2W-111432,111432,,,
2011-03-15 18:33:55,A69-1303,46232,,,,,,,VR2W-111432,111432,,,
2011-03-15 18:35:52,A69-1303,46232,,,,,,,VR2W-111432,111432,,,
2011-03-15 18:37:33,A69-1303,46232,,,,,,,VR2W-111432,111432,,,
2011-03-15 18:38:40,A69-1303,46232,,,,,,,VR2W-111432,111432,,,
2011-03-15 18:40:02,A69-1303,46232,,,,,,,VR2W-111432,111432,,,
2011-03-15 18:41:52,A69-1303,46232,,,,,,,VR2W-111432,111432,,,
2011-03-15 18:43:19,A69-1303,46232,,,,,,,VR2W-111432,111432,,,
2011-03-15 18:45:20,A69-1303,46232,,,,,,,VR2W-111432,111432,,,
2011-03-15 18:47:08,A69-1303,46232,,,,,,,VR2W-111432,111432,,,
2011-03-16 01:28:47,A69-1303,46232,,,,,,,VR2W-111432,111432,,,
2011-03-16 01:30:39,A69-1303,46232,,,,,,,VR2W-111432,111432,,,
2011-03-18 06:53:34,A69-1303,62423,,,,,,,VR2W-111432,111432,,,
2011-03-18 06:59:02,A69-1303,62423,,,,,,,VR2W-111432,111432,,,
2011-03-18 07:00:06,A69-1303,62423,,,,,,,VR2W-111432,111432,,,
2011-03-18 07:00:33,A69-1303,62423,,,,,,,VR2W-111432,111432,,,
2011-03-18 07:01:09,A69-1303,62423,,,,,,,VR2W-111432,111432,,,
2011-03-18 07:01:31,A69-1303,62423,,,,,,,VR2W-111432,111432,,,
2011-03-18 07:01:57,A69-1303,62423,,,,,,,VR2W-111432,111432,,,
2011-03-18 07:02:29,A69-1303,62423,,,,,,,VR2W-111432,111432,,,
2011-03-18 07:03:16,A69-1303,62423,,,,,,,VR2W-111432,111432,,,
2011-03-18 07:03:59,A69-1303,62423,,,,,,,VR2W-111432,111432,,,
2011-03-18 07:04:38,A69-1303,62423,,,,,,,VR2W-111432,111432,,,
2011-03-18 07:05:07,A69-1303,62423,,,,,,,VR2W-111432,111432,,,
2011-03-18 07:05:47,A69-1303,62423,,,,,,,VR2W-111432,111432,,,
2011-03-18 07:06:17,A69-1303,62423,,,,,,,VR2W-111432,111432,,,
2011-03-18 07:06:58,A69-1303,62423,,,,,,,VR2W-111432,111432,,,
2011-03-18 07:07:31,A69-1303,62423,,,,,,,VR2W-111432,111432,,,
2011-03-18 07:08:18,A69-1303,62423,,,,,,,VR2W-111432,111432,,,
2011-03-18 07:09:03,A69-1303,62423,,,,,,,VR2W-111432,111432,,,
2011-03-18 07:09:45,A69-1303,62423,,,,,,,VR2W-111432,111432,,,
2011-03-18 07:10:20,A69-1303,62423,,,,,,,VR2W-111432,111432,,,
2011-03-18 07:10:42,A69-1303,62423,,,,,,,VR2W-111432,111432,,,
2011-03-18 07:11:06,A69-1303,62423,,,,,,,VR2W-111432,111432,,,
2011-03-18 07:11:36,A69-1303,62423,,,,,,,VR2W-111432,111432,,,
2011-03-18 07:12:18,A69-1303,62423,,,,,,,VR2W-111432,111432,,,
2011-03-18 07:12:51,A69-1303,62423,,,,,,,VR2W-111432,111432,,,
2011-03-18 07:16:51,A69-1303,62423,,,,,,,VR2W-111432,111432,,,
2011-03-18 07:17:36,A69-1303,62423,,,,,,,VR2W-111432,111432,,,
2011-03-18 07:18:16,A69-1303,62423,,,,,,,VR2W-111432,111432,,,
2011-03-19 13:57:01,A69-1303,46233,,,,,,,VR2W-111432,111432,,,
2011-03-19 13:59:08,A69-1303,46233,,,,,,,VR2W-111432,111432,,,
2011-03-19 14:02:56,A69-1303,46233,,,,,,,VR2W-111432,111432,,,
2011-03-19 14:04:18,A69-1303,46233,,,,,,,VR2W-111432,111432,,,
2011-03-19 14:06:08,A69-1303,46233,,,,,,,VR2W-111432,111432,,,
2011-03-19 14:07:35,A69-1303,46233,,,,,,,VR2W-111432,111432,,,
2011-03-19 14:09:34,A69-1303,46233,,,,,,,VR2W-111432,111432,,,
2011-03-19 14:11:20,A69-1303,46233,,,,,,,VR2W-111432,111432,,,
2011-03-19 14:12:37,A69-1303,46233,,,,,,,VR2W-111432,111432,,,
2011-03-19 14:14:17,A69-1303,46233,,,,,,,VR2W-111432,111432,,,
2011-03-19 14:15:24,A69-1303,46233,,,,,,,VR2W-111432,111432,,,
2011-03-19 14:16:45,A69-1303,46233,,,,,,,VR2W-111432,111432,,,
2011-03-19 14:18:33,A69-1303,46233,,,,,,,VR2W-111432,111432,,,
2011-03-19 16:30:34,A69-1303,46233,,,,,,,VR2W-111432,111432,,,
2011-03-19 16:32:26,A69-1303,46233,,,,,,,VR2W-111432,111432,,,
2011-03-19 16:33:58,A69-1303,46233,,,,,,,VR2W-111432,111432,,,
2011-03-19 16:36:08,A69-1303,46233,,,,,,,VR2W-111432,111432,,,
2011-03-19 16:38:15,A69-1303,46233,,,,,,,VR2W-111432,111432,,,
2011-03-19 16:40:15,A69-1303,46233,,,,,,,VR2W-111432,111432,,,
2011-03-19 21:22:23,A69-1303,46233,,,,,,,VR2W-111432,111432,,,
2011-03-19 21:23:28,A69-1303,46233,,,,,,,VR2W-111432,111432,,,
2011-03-19 21:24:45,A69-1303,46233,,,,,,,VR2W-111432,111432,,,
2011-03-19 21:26:25,A69-1303,46233,,,,,,,VR2W-111432,111432,,,
2011-03-19 21:27:30,A69-1303,46233,,,,,,,VR2W-111432,111432,,,
2011-03-19 21:28:48,A69-1303,46233,,,,,,,VR2W-111432,111432,,,
2011-03-19 21:30:30,A69-1303,46233,,,,,,,VR2W-111432,111432,,,
2011-03-19 21:31:40,A69-1303,46233,,,,,,,VR2W-111432,111432,,,
2011-03-19 21:33:07,A69-1303,46233,,,,,,,VR2W-111432,111432,,,
2011-03-19 21:35:07,A69-1303,46233,,,,,,,VR2W-111432,111432,,,
2011-03-19 21:36:53,A69-1303,46233,,,,,,,VR2W-111432,111432,,,
2011-03-19 21:39:53,A69-1303,46233,,,,,,,VR2W-111432,111432,,,
2011-03-20 04:07:08,A69-1303,46233,,,,,,,VR2W-111432,111432,,,
2011-03-20 04:12:29,A69-1303,46233,,,,,,,VR2W-111432,111432,,,
2011-03-20 04:13:57,A69-1303,46233,,,,,,,VR2W-111432,111432,,,
2011-03-20 04:15:57,A69-1303,46233,,,,,,,VR2W-111432,111432,,,
2011-03-20 04:17:45,A69-1303,46233,,,,,,,VR2W-111432,111432,,,
2011-03-20 04:19:06,A69-1303,46233,,,,,,,VR2W-111432,111432,,,
2011-03-20 04:20:56,A69-1303,46233,,,,,,,VR2W-111432,111432,,,
2011-03-20 04:22:21,A69-1303,46233,,,,,,,VR2W-111432,111432,,,
2011-03-20 04:24:18,A69-1303,46233,,,,,,,VR2W-111432,111432,,,
2011-03-20 04:25:58,A69-1303,46233,,,,,,,VR2W-111432,111432,,,
2011-03-20 04:27:05,A69-1303,46233,,,,,,,VR2W-111432,111432,,,
2011-03-20 04:28:25,A69-1303,46233,,,,,,,VR2W-111432,111432,,,
2011-03-20 04:30:12,A69-1303,46233,,,,,,,VR2W-111432,111432,,,
2011-03-20 04:31:32,A69-1303,46233,,,,,,,VR2W-111432,111432,,,
2011-03-20 04:33:17,A69-1303,46233,,,,,,,VR2W-111432,111432,,,
2011-03-20 04:34:33,A69-1303,46233,,,,,,,VR2W-111432,111432,,,
2011-03-20 04:36:12,A69-1303,46233,,,,,,,VR2W-111432,111432,,,
2011-03-20 04:37:16,A69-1303,46233,,,,,,,VR2W-111432,111432,,,
2011-03-21 11:10:31,A69-1303,62423,,,,,,,VR2W-111432,111432,,,
2011-03-21 11:13:53,A69-1303,62423,,,,,,,VR2W-111432,111432,,,
2011-03-21 11:14:28,A69-1303,62423,,,,,,,VR2W-111432,111432,,,
2011-03-21 11:14:48,A69-1303,62423,,,,,,,VR2W-111432,111432,,,
2011-03-21 11:19:35,A69-1303,62423,,,,,,,VR2W-111432,111432,,,
2011-03-21 11:20:05,A69-1303,62423,,,,,,,VR2W-111432,111432,,,
2011-03-21 11:20:45,A69-1303,62423,,,,,,,VR2W-111432,111432,,,
2011-03-21 11:21:18,A69-1303,62423,,,,,,,VR2W-111432,111432,,,
2011-03-21 11:22:05,A69-1303,62423,,,,,,,VR2W-111432,111432,,,
2011-03-21 11:22:51,A69-1303,62423,,,,,,,VR2W-111432,111432,,,
2011-03-21 11:23:32,A69-1303,62423,,,,,,,VR2W-111432,111432,,,
2011-03-21 11:24:07,A69-1303,62423,,,,,,,VR2W-111432,111432,,,
2011-03-21 11:24:27,A69-1303,62423,,,,,,,VR2W-111432,111432,,,
2011-03-21 11:24:49,A69-1303,62423,,,,,,,VR2W-111432,111432,,,
2011-03-21 11:25:15,A69-1303,62423,,,,,,,VR2W-111432,111432,,,
2011-03-21 11:25:47,A69-1303,62423,,,,,,,VR2W-111432,111432,,,
2011-03-21 11:26:31,A69-1303,62423,,,,,,,VR2W-111432,111432,,,
2011-03-21 11:27:12,A69-1303,62423,,,,,,,VR2W-111432,111432,,,
2011-03-21 11:27:45,A69-1303,62423,,,,,,,VR2W-111432,111432,,,
2011-03-21 11:28:31,A69-1303,62423,,,,,,,VR2W-111432,111432,,,
2011-03-21 11:29:15,A69-1303,62423,,,,,,,VR2W-111432,111432,,,
2011-03-21 11:29:53,A69-1303,62423,,,,,,,VR2W-111432,111432,,,
2011-03-21 11:30:22,A69-1303,62423,,,,,,,VR2W-111432,111432,,,
2011-03-21 11:30:59,A69-1303,62423,,,,,,,VR2W-111432,111432,,,
2011-03-21 11:31:26,A69-1303,62423,,,,,,,VR2W-111432,111432,,,
2011-03-21 11:32:01,A69-1303,62423,,,,,,,VR2W-111432,111432,,,
2011-03-21 11:32:21,A69-1303,62423,,,,,,,VR2W-111432,111432,,,
2011-03-21 11:32:44,A69-1303,62423,,,,,,,VR2W-111432,111432,,,
2011-03-21 11:33:10,A69-1303,62423,,,,,,,VR2W-111432,111432,,,
2011-03-21 11:33:42,A69-1303,62423,,,,,,,VR2W-111432,111432,,,
2011-03-21 11:34:29,A69-1303,62423,,,,,,,VR2W-111432,111432,,,
2011-03-21 11:35:13,A69-1303,62423,,,,,,,VR2W-111432,111432,,,
2011-03-21 11:35:54,A69-1303,62423,,,,,,,VR2W-111432,111432,,,
2011-03-21 11:36:25,A69-1303,62423,,,,,,,VR2W-111432,111432,,,
2011-03-21 11:37:10,A69-1303,62423,,,,,,,VR2W-111432,111432,,,
2011-03-21 11:37:50,A69-1303,62423,,,,,,,VR2W-111432,111432,,,
2011-03-21 12:19:28,A69-1303,62423,,,,,,,VR2W-111432,111432,,,
2011-03-21 12:19:56,A69-1303,62423,,,,,,,VR2W-111432,111432,,,
2011-03-21 12:20:33,A69-1303,62423,,,,,,,VR2W-111432,111432,,,
2011-03-21 12:20:58,A69-1303,62423,,,,,,,VR2W-111432,111432,,,
2011-03-21 12:21:30,A69-1303,62423,,,,,,,VR2W-111432,111432,,,
2011-03-21 12:22:16,A69-1303,62423,,,,,,,VR2W-111432,111432,,,
2011-03-21 12:22:57,A69-1303,62423,,,,,,,VR2W-111432,111432,,,
2011-03-21 12:23:32,A69-1303,62423,,,,,,,VR2W-111432,111432,,,
2011-03-21 12:24:39,A69-1303,62423,,,,,,,VR2W-111432,111432,,,
2011-03-21 12:25:09,A69-1303,62423,,,,,,,VR2W-111432,111432,,,
2011-03-21 12:28:48,A69-1303,62423,,,,,,,VR2W-111432,111432,,,
2011-03-21 12:29:08,A69-1303,62423,,,,,,,VR2W-111432,111432,,,
2011-03-21 12:29:28,A69-1303,62423,,,,,,,VR2W-111432,111432,,,
2011-03-21 12:29:50,A69-1303,62423,,,,,,,VR2W-111432,111432,,,
2011-03-21 12:30:16,A69-1303,62423,,,,,,,VR2W-111432,111432,,,
2011-03-21 12:30:48,A69-1303,62423,,,,,,,VR2W-111432,111432,,,
2011-03-21 12:31:34,A69-1303,62423,,,,,,,VR2W-111432,111432,,,
2011-03-21 12:32:17,A69-1303,62423,,,,,,,VR2W-111432,111432,,,
2011-03-21 12:32:54,A69-1303,62423,,,,,,,VR2W-111432,111432,,,
2011-03-21 12:33:20,A69-1303,62423,,,,,,,VR2W-111432,111432,,,
2011-03-21 12:33:52,A69-1303,62423,,,,,,,VR2W-111432,111432,,,
2011-03-21 12:34:37,A69-1303,62423,,,,,,,VR2W-111432,111432,,,
2011-03-21 12:35:55,A69-1303,62423,,,,,,,VR2W-111432,111432,,,
2011-03-21 12:36:16,A69-1303,62423,,,,,,,VR2W-111432,111432,,,
2011-03-21 12:58:31,A69-1303,62423,,,,,,,VR2W-111432,111432,,,
2011-03-21 12:58:53,A69-1303,62423,,,,,,,VR2W-111432,111432,,,
2011-03-21 13:01:43,A69-1303,62423,,,,,,,VR2W-111432,111432,,,
2011-03-21 13:02:24,A69-1303,62423,,,,,,,VR2W-111432,111432,,,
2011-03-21 13:02:57,A69-1303,62423,,,,,,,VR2W-111432,111432,,,
2011-03-21 13:03:44,A69-1303,62423,,,,,,,VR2W-111432,111432,,,
2011-03-21 13:04:30,A69-1303,62423,,,,,,,VR2W-111432,111432,,,
2011-03-21 13:05:12,A69-1303,62423,,,,,,,VR2W-111432,111432,,,
2011-03-21 13:05:48,A69-1303,62423,,,,,,,VR2W-111432,111432,,,
2011-03-21 13:06:10,A69-1303,62423,,,,,,,VR2W-111432,111432,,,
2011-03-21 13:06:36,A69-1303,62423,,,,,,,VR2W-111432,111432,,,
2011-03-21 13:07:09,A69-1303,62423,,,,,,,VR2W-111432,111432,,,
2011-03-21 13:07:56,A69-1303,62423,,,,,,,VR2W-111432,111432,,,
2011-03-21 13:08:42,A69-1303,62423,,,,,,,VR2W-111432,111432,,,
2011-03-21 13:09:25,A69-1303,62423,,,,,,,VR2W-111432,111432,,,
2011-03-21 13:10:02,A69-1303,62423,,,,,,,VR2W-111432,111432,,,
2011-03-21 13:10:28,A69-1303,62423,,,,,,,VR2W-111432,111432,,,
2011-03-21 13:10:59,A69-1303,62423,,,,,,,VR2W-111432,111432,,,
2011-03-21 13:12:25,A69-1303,62423,,,,,,,VR2W-111432,111432,,,
2011-03-21 13:12:58,A69-1303,62423,,,,,,,VR2W-111432,111432,,,
2011-03-21 13:16:40,A69-1303,62423,,,,,,,VR2W-111432,111432,,,
2011-03-21 13:17:15,A69-1303,62423,,,,,,,VR2W-111432,111432,,,
2011-03-21 13:17:38,A69-1303,62423,,,,,,,VR2W-111432,111432,,,
2011-03-21 13:18:04,A69-1303,62423,,,,,,,VR2W-111432,111432,,,
2011-03-21 13:18:38,A69-1303,62423,,,,,,,VR2W-111432,111432,,,
2011-03-21 13:19:26,A69-1303,62423,,,,,,,VR2W-111432,111432,,,
2011-03-21 13:20:14,A69-1303,62423,,,,,,,VR2W-111432,111432,,,
2011-03-21 13:21:02,A69-1303,62423,,,,,,,VR2W-111432,111432,,,
2011-03-21 13:21:49,A69-1303,62423,,,,,,,VR2W-111432,111432,,,
2011-03-21 13:22:34,A69-1303,62423,,,,,,,VR2W-111432,111432,,,
2011-03-21 13:23:14,A69-1303,62423,,,,,,,VR2W-111432,111432,,,
2011-03-21 13:23:46,A69-1303,62423,,,,,,,VR2W-111432,111432,,,
2011-03-21 13:24:31,A69-1303,62423,,,,,,,VR2W-111432,111432,,,
2011-03-21 13:25:13,A69-1303,62423,,,,,,,VR2W-111432,111432,,,
2011-03-21 13:25:48,A69-1303,62423,,,,,,,VR2W-111432,111432,,,
2011-03-21 13:26:08,A69-1303,62423,,,,,,,VR2W-111432,111432,,,
2011-03-21 13:26:29,A69-1303,62423,,,,,,,VR2W-111432,111432,,,
2011-03-21 13:26:53,A69-1303,62423,,,,,,,VR2W-111432,111432,,,
2011-03-21 13:27:22,A69-1303,62423,,,,,,,VR2W-111432,111432,,,
2011-03-21 13:28:02,A69-1303,62423,,,,,,,VR2W-111432,111432,,,
2011-03-21 13:28:33,A69-1303,62423,,,,,,,VR2W-111432,111432,,,
2011-03-21 13:29:14,A69-1303,62423,,,,,,,VR2W-111432,111432,,,
2011-03-21 13:29:49,A69-1303,62423,,,,,,,VR2W-111432,111432,,,
2011-03-21 13:30:10,A69-1303,62423,,,,,,,VR2W-111432,111432,,,
2011-03-21 13:30:33,A69-1303,62423,,,,,,,VR2W-111432,111432,,,
2011-03-21 13:30:59,A69-1303,62423,,,,,,,VR2W-111432,111432,,,
2011-03-21 14:02:00,A69-1303,62423,,,,,,,VR2W-111432,111432,,,
2011-03-21 14:02:25,A69-1303,62423,,,,,,,VR2W-111432,111432,,,
2011-03-21 14:02:55,A69-1303,62423,,,,,,,VR2W-111432,111432,,,
2011-03-21 14:03:38,A69-1303,62423,,,,,,,VR2W-111432,111432,,,
2011-03-21 14:04:14,A69-1303,62423,,,,,,,VR2W-111432,111432,,,
2011-03-21 14:04:37,A69-1303,62423,,,,,,,VR2W-111432,111432,,,
2011-03-21 14:05:04,A69-1303,62423,,,,,,,VR2W-111432,111432,,,
2011-03-21 14:05:40,A69-1303,62423,,,,,,,VR2W-111432,111432,,,
2011-03-21 14:06:03,A69-1303,62423,,,,,,,VR2W-111432,111432,,,
2011-03-21 14:06:30,A69-1303,62423,,,,,,,VR2W-111432,111432,,,
2011-03-21 14:07:06,A69-1303,62423,,,,,,,VR2W-111432,111432,,,
2011-03-21 14:07:28,A69-1303,62423,,,,,,,VR2W-111432,111432,,,
2011-03-21 14:07:53,A69-1303,62423,,,,,,,VR2W-111432,111432,,,
2011-03-21 14:08:24,A69-1303,62423,,,,,,,VR2W-111432,111432,,,
2011-03-21 14:09:47,A69-1303,62423,,,,,,,VR2W-111432,111432,,,
2011-03-21 14:10:16,A69-1303,62423,,,,,,,VR2W-111432,111432,,,
2011-03-21 14:10:55,A69-1303,62423,,,,,,,VR2W-111432,111432,,,
2011-03-21 14:12:06,A69-1303,62423,,,,,,,VR2W-111432,111432,,,
2011-03-21 14:28:31,A69-1303,62423,,,,,,,VR2W-111432,111432,,,
2011-03-21 14:29:15,A69-1303,62423,,,,,,,VR2W-111432,111432,,,
2011-03-21 14:29:43,A69-1303,62423,,,,,,,VR2W-111432,111432,,,
2011-03-21 14:30:46,A69-1303,62423,,,,,,,VR2W-111432,111432,,,
2011-03-21 14:32:49,A69-1303,62423,,,,,,,VR2W-111432,111432,,,
2011-03-21 14:34:37,A69-1303,62423,,,,,,,VR2W-111432,111432,,,
2011-03-21 14:35:08,A69-1303,62423,,,,,,,VR2W-111432,111432,,,
2011-03-21 14:35:50,A69-1303,62423,,,,,,,VR2W-111432,111432,,,
2011-03-21 14:36:25,A69-1303,62423,,,,,,,VR2W-111432,111432,,,
2011-03-21 14:36:47,A69-1303,62423,,,,,,,VR2W-111432,111432,,,
2011-03-21 14:37:13,A69-1303,62423,,,,,,,VR2W-111432,111432,,,
2011-03-21 14:37:45,A69-1303,62423,,,,,,,VR2W-111432,111432,,,
2011-03-21 14:38:29,A69-1303,62423,,,,,,,VR2W-111432,111432,,,
2011-03-21 14:39:10,A69-1303,62423,,,,,,,VR2W-111432,111432,,,
2011-03-21 14:39:44,A69-1303,62423,,,,,,,VR2W-111432,111432,,,
2011-03-21 14:40:31,A69-1303,62423,,,,,,,VR2W-111432,111432,,,
2011-03-21 14:41:18,A69-1303,62423,,,,,,,VR2W-111432,111432,,,
2011-03-21 14:42:02,A69-1303,62423,,,,,,,VR2W-111432,111432,,,
2011-03-21 14:42:42,A69-1303,62423,,,,,,,VR2W-111432,111432,,,
2011-03-21 14:43:12,A69-1303,62423,,,,,,,VR2W-111432,111432,,,
2011-03-21 14:43:54,A69-1303,62423,,,,,,,VR2W-111432,111432,,,
2011-03-21 14:44:28,A69-1303,62423,,,,,,,VR2W-111432,111432,,,
2011-03-21 14:44:49,A69-1303,62423,,,,,,,VR2W-111432,111432,,,
2011-03-21 14:45:11,A69-1303,62423,,,,,,,VR2W-111432,111432,,,
2011-03-21 14:45:37,A69-1303,62423,,,,,,,VR2W-111432,111432,,,
2011-03-21 14:46:10,A69-1303,62423,,,,,,,VR2W-111432,111432,,,
2011-03-21 14:46:56,A69-1303,62423,,,,,,,VR2W-111432,111432,,,
2011-03-21 14:47:40,A69-1303,62423,,,,,,,VR2W-111432,111432,,,
2011-03-21 14:48:19,A69-1303,62423,,,,,,,VR2W-111432,111432,,,
2011-03-21 14:48:50,A69-1303,62423,,,,,,,VR2W-111432,111432,,,
2011-03-21 14:49:31,A69-1303,62423,,,,,,,VR2W-111432,111432,,,
2011-03-21 14:50:04,A69-1303,62423,,,,,,,VR2W-111432,111432,,,
2011-03-21 14:50:52,A69-1303,62423,,,,,,,VR2W-111432,111432,,,
2011-03-21 14:51:40,A69-1303,62423,,,,,,,VR2W-111432,111432,,,
2011-03-21 14:52:26,A69-1303,62423,,,,,,,VR2W-111432,111432,,,
2011-03-21 14:53:09,A69-1303,62423,,,,,,,VR2W-111432,111432,,,
2011-03-21 14:54:15,A69-1303,62423,,,,,,,VR2W-111432,111432,,,
2011-03-21 15:11:22,A69-1303,62423,,,,,,,VR2W-111432,111432,,,
2011-03-21 15:15:05,A69-1303,62423,,,,,,,VR2W-111432,111432,,,
2011-03-21 15:15:36,A69-1303,62423,,,,,,,VR2W-111432,111432,,,
2011-03-21 15:16:17,A69-1303,62423,,,,,,,VR2W-111432,111432,,,
2011-03-21 15:16:52,A69-1303,62423,,,,,,,VR2W-111432,111432,,,
2011-03-21 15:17:12,A69-1303,62423,,,,,,,VR2W-111432,111432,,,
2011-03-21 15:17:34,A69-1303,62423,,,,,,,VR2W-111432,111432,,,
2011-03-21 15:17:59,A69-1303,62423,,,,,,,VR2W-111432,111432,,,
2011-03-21 15:18:31,A69-1303,62423,,,,,,,VR2W-111432,111432,,,
2011-03-21 15:19:15,A69-1303,62423,,,,,,,VR2W-111432,111432,,,
2011-03-21 15:19:53,A69-1303,62423,,,,,,,VR2W-111432,111432,,,
2011-03-21 15:20:22,A69-1303,62423,,,,,,,VR2W-111432,111432,,,
2011-03-21 15:21:01,A69-1303,62423,,,,,,,VR2W-111432,111432,,,
2011-03-21 15:21:29,A69-1303,62423,,,,,,,VR2W-111432,111432,,,
2011-03-21 15:22:07,A69-1303,62423,,,,,,,VR2W-111432,111432,,,
2011-03-21 15:22:33,A69-1303,62423,,,,,,,VR2W-111432,111432,,,
2011-03-21 15:23:07,A69-1303,62423,,,,,,,VR2W-111432,111432,,,
2011-03-21 15:23:27,A69-1303,62423,,,,,,,VR2W-111432,111432,,,
2011-03-21 15:23:48,A69-1303,62423,,,,,,,VR2W-111432,111432,,,
2011-03-21 15:24:10,A69-1303,62423,,,,,,,VR2W-111432,111432,,,
2011-03-21 15:24:36,A69-1303,62423,,,,,,,VR2W-111432,111432,,,
2011-03-21 15:25:10,A69-1303,62423,,,,,,,VR2W-111432,111432,,,
2011-03-21 15:25:57,A69-1303,62423,,,,,,,VR2W-111432,111432,,,
2011-03-21 15:26:43,A69-1303,62423,,,,,,,VR2W-111432,111432,,,
2011-03-21 15:27:27,A69-1303,62423,,,,,,,VR2W-111432,111432,,,
2011-03-21 15:28:07,A69-1303,62423,,,,,,,VR2W-111432,111432,,,
2011-03-21 15:28:36,A69-1303,62423,,,,,,,VR2W-111432,111432,,,
2011-03-21 15:29:16,A69-1303,62423,,,,,,,VR2W-111432,111432,,,
2011-03-21 15:29:48,A69-1303,62423,,,,,,,VR2W-111432,111432,,,
2011-03-21 15:30:33,A69-1303,62423,,,,,,,VR2W-111432,111432,,,
2011-03-21 15:31:14,A69-1303,62423,,,,,,,VR2W-111432,111432,,,
2011-03-21 15:31:47,A69-1303,62423,,,,,,,VR2W-111432,111432,,,
2011-03-21 15:32:35,A69-1303,62423,,,,,,,VR2W-111432,111432,,,
2011-03-21 15:33:22,A69-1303,62423,,,,,,,VR2W-111432,111432,,,
2011-03-21 15:34:06,A69-1303,62423,,,,,,,VR2W-111432,111432,,,
2011-03-21 15:34:45,A69-1303,62423,,,,,,,VR2W-111432,111432,,,
2011-03-21 17:04:23,A69-1303,62423,,,,,,,VR2W-111432,111432,,,
2011-03-21 17:04:55,A69-1303,62423,,,,,,,VR2W-111432,111432,,,
2011-03-21 17:08:30,A69-1303,62423,,,,,,,VR2W-111432,111432,,,
2011-03-21 17:10:40,A69-1303,62423,,,,,,,VR2W-111432,111432,,,
2011-03-21 17:11:10,A69-1303,62423,,,,,,,VR2W-111432,111432,,,
2011-03-21 17:11:51,A69-1303,62423,,,,,,,VR2W-111432,111432,,,
2011-03-21 17:12:24,A69-1303,62423,,,,,,,VR2W-111432,111432,,,
2011-03-21 17:13:11,A69-1303,62423,,,,,,,VR2W-111432,111432,,,
2011-03-21 17:13:57,A69-1303,62423,,,,,,,VR2W-111432,111432,,,
2011-03-21 17:14:41,A69-1303,62423,,,,,,,VR2W-111432,111432,,,
2011-03-21 17:15:18,A69-1303,62423,,,,,,,VR2W-111432,111432,,,
2011-03-21 17:15:44,A69-1303,62423,,,,,,,VR2W-111432,111432,,,
2011-03-21 17:16:18,A69-1303,62423,,,,,,,VR2W-111432,111432,,,
2011-03-21 17:17:06,A69-1303,62423,,,,,,,VR2W-111432,111432,,,
2011-03-21 17:17:53,A69-1303,62423,,,,,,,VR2W-111432,111432,,,
2011-03-21 17:18:39,A69-1303,62423,,,,,,,VR2W-111432,111432,,,
2011-03-21 17:19:22,A69-1303,62423,,,,,,,VR2W-111432,111432,,,
2011-03-21 17:19:59,A69-1303,62423,,,,,,,VR2W-111432,111432,,,
2011-03-21 17:20:24,A69-1303,62423,,,,,,,VR2W-111432,111432,,,
2011-03-21 17:20:56,A69-1303,62423,,,,,,,VR2W-111432,111432,,,
2011-03-21 17:21:41,A69-1303,62423,,,,,,,VR2W-111432,111432,,,
2011-03-21 17:22:21,A69-1303,62423,,,,,,,VR2W-111432,111432,,,
2011-03-21 17:22:53,A69-1303,62423,,,,,,,VR2W-111432,111432,,,
2011-03-21 17:23:39,A69-1303,62423,,,,,,,VR2W-111432,111432,,,
2011-03-21 17:24:58,A69-1303,62423,,,,,,,VR2W-111432,111432,,,
2011-03-21 17:25:22,A69-1303,62423,,,,,,,VR2W-111432,111432,,,
2011-03-21 17:25:51,A69-1303,62423,,,,,,,VR2W-111432,111432,,,
2011-03-21 17:26:58,A69-1303,62423,,,,,,,VR2W-111432,111432,,,
2011-03-21 17:27:36,A69-1303,62423,,,,,,,VR2W-111432,111432,,,
2011-03-21 17:28:03,A69-1303,62423,,,,,,,VR2W-111432,111432,,,
2011-03-21 17:28:39,A69-1303,62423,,,,,,,VR2W-111432,111432,,,
2011-03-21 17:29:02,A69-1303,62423,,,,,,,VR2W-111432,111432,,,
2011-03-21 17:29:29,A69-1303,62423,,,,,,,VR2W-111432,111432,,,
2011-03-21 17:30:04,A69-1303,62423,,,,,,,VR2W-111432,111432,,,
2011-03-21 17:30:25,A69-1303,62423,,,,,,,VR2W-111432,111432,,,
2011-03-21 17:30:48,A69-1303,62423,,,,,,,VR2W-111432,111432,,,
2011-03-21 17:31:15,A69-1303,62423,,,,,,,VR2W-111432,111432,,,
2011-03-21 17:31:50,A69-1303,62423,,,,,,,VR2W-111432,111432,,,
2011-03-21 17:32:12,A69-1303,62423,,,,,,,VR2W-111432,111432,,,
2011-03-21 17:32:37,A69-1303,62423,,,,,,,VR2W-111432,111432,,,
2011-03-21 17:33:09,A69-1303,62423,,,,,,,VR2W-111432,111432,,,
2011-03-21 17:33:52,A69-1303,62423,,,,,,,VR2W-111432,111432,,,
2011-03-21 17:34:31,A69-1303,62423,,,,,,,VR2W-111432,111432,,,
2011-03-21 17:35:00,A69-1303,62423,,,,,,,VR2W-111432,111432,,,
2011-03-21 17:35:38,A69-1303,62423,,,,,,,VR2W-111432,111432,,,
2011-03-21 17:36:05,A69-1303,62423,,,,,,,VR2W-111432,111432,,,
2011-03-21 17:36:41,A69-1303,62423,,,,,,,VR2W-111432,111432,,,
2011-03-21 17:37:04,A69-1303,62423,,,,,,,VR2W-111432,111432,,,
2011-03-21 17:37:32,A69-1303,62423,,,,,,,VR2W-111432,111432,,,
2011-03-21 17:38:09,A69-1303,62423,,,,,,,VR2W-111432,111432,,,
2011-03-21 17:38:33,A69-1303,62423,,,,,,,VR2W-111432,111432,,,
2011-03-21 17:39:02,A69-1303,62423,,,,,,,VR2W-111432,111432,,,
2011-03-21 17:39:42,A69-1303,62423,,,,,,,VR2W-111432,111432,,,
2011-03-21 17:40:14,A69-1303,62423,,,,,,,VR2W-111432,111432,,,
2011-03-21 17:40:58,A69-1303,62423,,,,,,,VR2W-111432,111432,,,
2011-03-21 17:41:37,A69-1303,62423,,,,,,,VR2W-111432,111432,,,
2011-03-21 17:42:06,A69-1303,62423,,,,,,,VR2W-111432,111432,,,
2011-03-21 17:51:32,A69-1303,62423,,,,,,,VR2W-111432,111432,,,
2011-03-21 17:51:58,A69-1303,62423,,,,,,,VR2W-111432,111432,,,
2011-03-21 17:54:09,A69-1303,62423,,,,,,,VR2W-111432,111432,,,
2011-03-21 17:54:57,A69-1303,62423,,,,,,,VR2W-111432,111432,,,
2011-03-21 17:55:45,A69-1303,62423,,,,,,,VR2W-111432,111432,,,
2011-03-21 17:56:32,A69-1303,62423,,,,,,,VR2W-111432,111432,,,
2011-03-21 17:57:17,A69-1303,62423,,,,,,,VR2W-111432,111432,,,
2011-03-21 17:57:58,A69-1303,62423,,,,,,,VR2W-111432,111432,,,
2011-03-21 17:58:31,A69-1303,62423,,,,,,,VR2W-111432,111432,,,
2011-03-21 17:59:18,A69-1303,62423,,,,,,,VR2W-111432,111432,,,
2011-03-21 18:00:03,A69-1303,62423,,,,,,,VR2W-111432,111432,,,
2011-03-21 18:00:45,A69-1303,62423,,,,,,,VR2W-111432,111432,,,
2011-03-21 18:01:21,A69-1303,62423,,,,,,,VR2W-111432,111432,,,
2011-03-21 18:01:43,A69-1303,62423,,,,,,,VR2W-111432,111432,,,
2011-03-21 18:02:10,A69-1303,62423,,,,,,,VR2W-111432,111432,,,
2011-03-21 18:02:43,A69-1303,62423,,,,,,,VR2W-111432,111432,,,
2011-03-21 18:03:30,A69-1303,62423,,,,,,,VR2W-111432,111432,,,
2011-03-21 18:04:17,A69-1303,62423,,,,,,,VR2W-111432,111432,,,
2011-03-21 18:05:00,A69-1303,62423,,,,,,,VR2W-111432,111432,,,
2011-03-21 18:05:39,A69-1303,62423,,,,,,,VR2W-111432,111432,,,
2011-03-21 18:06:07,A69-1303,62423,,,,,,,VR2W-111432,111432,,,
2011-03-21 18:06:45,A69-1303,62423,,,,,,,VR2W-111432,111432,,,
2011-03-21 18:07:13,A69-1303,62423,,,,,,,VR2W-111432,111432,,,
2011-03-21 18:07:48,A69-1303,62423,,,,,,,VR2W-111432,111432,,,
2011-03-21 18:08:11,A69-1303,62423,,,,,,,VR2W-111432,111432,,,
2011-03-21 18:08:37,A69-1303,62423,,,,,,,VR2W-111432,111432,,,
2011-03-21 18:09:11,A69-1303,62423,,,,,,,VR2W-111432,111432,,,
2011-03-21 18:09:59,A69-1303,62423,,,,,,,VR2W-111432,111432,,,
2011-03-21 18:12:16,A69-1303,62423,,,,,,,VR2W-111432,111432,,,
2011-03-21 18:12:53,A69-1303,62423,,,,,,,VR2W-111432,111432,,,
2011-03-21 18:56:33,A69-1303,62423,,,,,,,VR2W-111432,111432,,,
2011-03-21 18:59:29,A69-1303,62423,,,,,,,VR2W-111432,111432,,,
2011-03-21 19:01:52,A69-1303,62423,,,,,,,VR2W-111432,111432,,,
2011-03-21 19:02:32,A69-1303,62423,,,,,,,VR2W-111432,111432,,,
2011-03-21 19:03:03,A69-1303,62423,,,,,,,VR2W-111432,111432,,,
2011-03-21 19:03:46,A69-1303,62423,,,,,,,VR2W-111432,111432,,,
2011-03-21 19:04:23,A69-1303,62423,,,,,,,VR2W-111432,111432,,,
2011-03-21 19:04:49,A69-1303,62423,,,,,,,VR2W-111432,111432,,,
2011-03-21 19:05:22,A69-1303,62423,,,,,,,VR2W-111432,111432,,,
2011-03-21 19:06:08,A69-1303,62423,,,,,,,VR2W-111432,111432,,,
2011-03-21 19:06:51,A69-1303,62423,,,,,,,VR2W-111432,111432,,,
2011-03-21 19:07:29,A69-1303,62423,,,,,,,VR2W-111432,111432,,,
2011-03-21 19:07:57,A69-1303,62423,,,,,,,VR2W-111432,111432,,,
2011-03-21 19:08:32,A69-1303,62423,,,,,,,VR2W-111432,111432,,,
2011-03-21 19:08:55,A69-1303,62423,,,,,,,VR2W-111432,111432,,,
2011-03-21 19:09:22,A69-1303,62423,,,,,,,VR2W-111432,111432,,,
2011-03-21 19:10:54,A69-1303,62423,,,,,,,VR2W-111432,111432,,,
2011-03-21 19:11:15,A69-1303,62423,,,,,,,VR2W-111432,111432,,,
2011-03-21 19:11:38,A69-1303,62423,,,,,,,VR2W-111432,111432,,,
2011-03-21 19:12:06,A69-1303,62423,,,,,,,VR2W-111432,111432,,,
2011-03-21 19:12:42,A69-1303,62423,,,,,,,VR2W-111432,111432,,,
2011-03-21 19:13:06,A69-1303,62423,,,,,,,VR2W-111432,111432,,,
2011-03-21 19:13:35,A69-1303,62423,,,,,,,VR2W-111432,111432,,,
2011-03-21 19:14:14,A69-1303,62423,,,,,,,VR2W-111432,111432,,,
2011-03-21 19:14:44,A69-1303,62423,,,,,,,VR2W-111432,111432,,,
2011-03-21 19:15:24,A69-1303,62423,,,,,,,VR2W-111432,111432,,,
2011-03-21 19:15:54,A69-1303,62423,,,,,,,VR2W-111432,111432,,,
2011-03-21 19:16:37,A69-1303,62423,,,,,,,VR2W-111432,111432,,,
2011-03-21 19:17:15,A69-1303,62423,,,,,,,VR2W-111432,111432,,,
2011-03-21 19:17:40,A69-1303,62423,,,,,,,VR2W-111432,111432,,,
2011-03-21 19:18:13,A69-1303,62423,,,,,,,VR2W-111432,111432,,,
2011-03-21 19:18:59,A69-1303,62423,,,,,,,VR2W-111432,111432,,,
2011-03-21 19:19:41,A69-1303,62423,,,,,,,VR2W-111432,111432,,,
2011-03-21 19:20:18,A69-1303,62423,,,,,,,VR2W-111432,111432,,,
2011-03-21 19:20:44,A69-1303,62423,,,,,,,VR2W-111432,111432,,,
2011-03-21 19:21:16,A69-1303,62423,,,,,,,VR2W-111432,111432,,,
2011-03-21 19:22:01,A69-1303,62423,,,,,,,VR2W-111432,111432,,,
2011-03-21 19:22:42,A69-1303,62423,,,,,,,VR2W-111432,111432,,,
2011-03-21 19:23:16,A69-1303,62423,,,,,,,VR2W-111432,111432,,,
2011-03-21 19:24:04,A69-1303,62423,,,,,,,VR2W-111432,111432,,,
2011-03-21 19:24:52,A69-1303,62423,,,,,,,VR2W-111432,111432,,,
2011-03-21 19:25:40,A69-1303,62423,,,,,,,VR2W-111432,111432,,,
2011-03-21 19:26:27,A69-1303,62423,,,,,,,VR2W-111432,111432,,,
2011-03-21 19:27:12,A69-1303,62423,,,,,,,VR2W-111432,111432,,,
2011-03-21 19:27:52,A69-1303,62423,,,,,,,VR2W-111432,111432,,,
2011-03-21 20:52:42,A69-1303,62423,,,,,,,VR2W-111432,111432,,,
2011-03-21 20:53:23,A69-1303,62423,,,,,,,VR2W-111432,111432,,,
2011-03-21 20:56:16,A69-1303,62423,,,,,,,VR2W-111432,111432,,,
2011-03-21 21:00:38,A69-1303,62423,,,,,,,VR2W-111432,111432,,,
2011-03-21 21:01:19,A69-1303,62423,,,,,,,VR2W-111432,111432,,,
2011-03-21 21:01:52,A69-1303,62423,,,,,,,VR2W-111432,111432,,,
2011-03-21 21:02:38,A69-1303,62423,,,,,,,VR2W-111432,111432,,,
2011-03-21 21:03:22,A69-1303,62423,,,,,,,VR2W-111432,111432,,,
2011-03-21 21:04:01,A69-1303,62423,,,,,,,VR2W-111432,111432,,,
2011-03-21 21:04:31,A69-1303,62423,,,,,,,VR2W-111432,111432,,,
2011-03-21 21:05:11,A69-1303,62423,,,,,,,VR2W-111432,111432,,,
2011-03-21 21:05:44,A69-1303,62423,,,,,,,VR2W-111432,111432,,,
2011-03-21 21:06:29,A69-1303,62423,,,,,,,VR2W-111432,111432,,,
2011-03-21 21:07:11,A69-1303,62423,,,,,,,VR2W-111432,111432,,,
2011-03-21 21:07:46,A69-1303,62423,,,,,,,VR2W-111432,111432,,,
2011-03-21 21:08:08,A69-1303,62423,,,,,,,VR2W-111432,111432,,,
2011-03-21 21:08:33,A69-1303,62423,,,,,,,VR2W-111432,111432,,,
2011-03-21 21:09:04,A69-1303,62423,,,,,,,VR2W-111432,111432,,,
2011-03-21 21:09:46,A69-1303,62423,,,,,,,VR2W-111432,111432,,,
2011-03-21 21:10:23,A69-1303,62423,,,,,,,VR2W-111432,111432,,,
2011-03-21 21:10:47,A69-1303,62423,,,,,,,VR2W-111432,111432,,,
2011-03-21 21:11:15,A69-1303,62423,,,,,,,VR2W-111432,111432,,,
2011-03-21 21:11:54,A69-1303,62423,,,,,,,VR2W-111432,111432,,,
2011-03-21 21:12:23,A69-1303,62423,,,,,,,VR2W-111432,111432,,,
2011-03-21 21:13:02,A69-1303,62423,,,,,,,VR2W-111432,111432,,,
2011-03-21 21:13:30,A69-1303,62423,,,,,,,VR2W-111432,111432,,,
2011-03-21 21:14:08,A69-1303,62423,,,,,,,VR2W-111432,111432,,,
2011-03-21 21:14:36,A69-1303,62423,,,,,,,VR2W-111432,111432,,,
2011-03-21 21:15:12,A69-1303,62423,,,,,,,VR2W-111432,111432,,,
2011-03-21 21:15:36,A69-1303,62423,,,,,,,VR2W-111432,111432,,,
2011-03-21 21:16:05,A69-1303,62423,,,,,,,VR2W-111432,111432,,,
2011-03-21 21:16:44,A69-1303,62423,,,,,,,VR2W-111432,111432,,,
2011-03-21 21:17:13,A69-1303,62423,,,,,,,VR2W-111432,111432,,,
2011-03-21 21:17:53,A69-1303,62423,,,,,,,VR2W-111432,111432,,,
2011-03-21 21:19:04,A69-1303,62423,,,,,,,VR2W-111432,111432,,,
2011-03-21 21:20:25,A69-1303,62423,,,,,,,VR2W-111432,111432,,,
2011-03-21 21:21:13,A69-1303,62423,,,,,,,VR2W-111432,111432,,,
2011-03-21 21:21:58,A69-1303,62423,,,,,,,VR2W-111432,111432,,,
2011-03-21 21:22:41,A69-1303,62423,,,,,,,VR2W-111432,111432,,,
2011-03-21 21:23:18,A69-1303,62423,,,,,,,VR2W-111432,111432,,,
2011-03-21 21:23:44,A69-1303,62423,,,,,,,VR2W-111432,111432,,,
2011-03-21 21:24:15,A69-1303,62423,,,,,,,VR2W-111432,111432,,,
2011-03-21 21:24:59,A69-1303,62423,,,,,,,VR2W-111432,111432,,,
2011-03-21 21:25:39,A69-1303,62423,,,,,,,VR2W-111432,111432,,,
2011-03-21 21:26:10,A69-1303,62423,,,,,,,VR2W-111432,111432,,,
2011-03-21 21:26:53,A69-1303,62423,,,,,,,VR2W-111432,111432,,,
2011-03-21 21:27:31,A69-1303,62423,,,,,,,VR2W-111432,111432,,,
2011-03-21 21:27:57,A69-1303,62423,,,,,,,VR2W-111432,111432,,,
2011-03-21 21:28:31,A69-1303,62423,,,,,,,VR2W-111432,111432,,,
2011-03-21 21:29:20,A69-1303,62423,,,,,,,VR2W-111432,111432,,,
2011-03-21 21:30:08,A69-1303,62423,,,,,,,VR2W-111432,111432,,,
2011-03-21 21:30:56,A69-1303,62423,,,,,,,VR2W-111432,111432,,,
2011-03-21 21:31:43,A69-1303,62423,,,,,,,VR2W-111432,111432,,,
2011-03-21 21:32:29,A69-1303,62423,,,,,,,VR2W-111432,111432,,,
2011-03-21 21:33:11,A69-1303,62423,,,,,,,VR2W-111432,111432,,,
2011-03-21 21:33:46,A69-1303,62423,,,,,,,VR2W-111432,111432,,,
2011-03-21 21:34:08,A69-1303,62423,,,,,,,VR2W-111432,111432,,,
2011-03-21 21:34:32,A69-1303,62423,,,,,,,VR2W-111432,111432,,,
2011-03-21 21:35:03,A69-1303,62423,,,,,,,VR2W-111432,111432,,,
2011-03-21 21:35:45,A69-1303,62423,,,,,,,VR2W-111432,111432,,,
2011-03-21 21:36:21,A69-1303,62423,,,,,,,VR2W-111432,111432,,,
2011-03-21 21:36:43,A69-1303,62423,,,,,,,VR2W-111432,111432,,,
2011-03-21 21:37:09,A69-1303,62423,,,,,,,VR2W-111432,111432,,,
2011-03-22 02:05:05,A69-1303,62423,,,,,,,VR2W-111432,111432,,,
2011-03-22 02:05:37,A69-1303,62423,,,,,,,VR2W-111432,111432,,,
2011-03-22 02:07:29,A69-1303,62423,,,,,,,VR2W-111432,111432,,,
2011-03-22 02:09:25,A69-1303,62423,,,,,,,VR2W-111432,111432,,,
2011-03-22 02:10:04,A69-1303,62423,,,,,,,VR2W-111432,111432,,,
2011-03-22 02:10:33,A69-1303,62423,,,,,,,VR2W-111432,111432,,,
2011-03-22 02:11:12,A69-1303,62423,,,,,,,VR2W-111432,111432,,,
2011-03-22 02:11:41,A69-1303,62423,,,,,,,VR2W-111432,111432,,,
2011-03-22 02:12:21,A69-1303,62423,,,,,,,VR2W-111432,111432,,,
2011-03-22 02:12:52,A69-1303,62423,,,,,,,VR2W-111432,111432,,,
2011-03-22 02:13:36,A69-1303,62423,,,,,,,VR2W-111432,111432,,,
2011-03-22 02:14:14,A69-1303,62423,,,,,,,VR2W-111432,111432,,,
2011-03-22 02:14:41,A69-1303,62423,,,,,,,VR2W-111432,111432,,,
2011-03-22 02:15:16,A69-1303,62423,,,,,,,VR2W-111432,111432,,,
2011-03-22 02:15:39,A69-1303,62423,,,,,,,VR2W-111432,111432,,,
2011-03-22 02:16:05,A69-1303,62423,,,,,,,VR2W-111432,111432,,,
2011-03-22 02:16:39,A69-1303,62423,,,,,,,VR2W-111432,111432,,,
2011-03-22 02:17:27,A69-1303,62423,,,,,,,VR2W-111432,111432,,,
2011-03-22 02:18:15,A69-1303,62423,,,,,,,VR2W-111432,111432,,,
2011-03-22 02:19:01,A69-1303,62423,,,,,,,VR2W-111432,111432,,,
2011-03-22 02:19:46,A69-1303,62423,,,,,,,VR2W-111432,111432,,,
2011-03-22 02:20:26,A69-1303,62423,,,,,,,VR2W-111432,111432,,,
2011-03-22 02:20:57,A69-1303,62423,,,,,,,VR2W-111432,111432,,,
2011-03-22 02:21:41,A69-1303,62423,,,,,,,VR2W-111432,111432,,,
2011-03-22 02:22:19,A69-1303,62423,,,,,,,VR2W-111432,111432,,,
2011-03-22 02:22:46,A69-1303,62423,,,,,,,VR2W-111432,111432,,,
2011-03-22 02:23:23,A69-1303,62423,,,,,,,VR2W-111432,111432,,,
2011-03-22 02:23:46,A69-1303,62423,,,,,,,VR2W-111432,111432,,,
2011-03-22 02:24:15,A69-1303,58583,,,,,,,VR2W-111432,111432,,,
2011-03-22 02:24:53,A69-1303,62423,,,,,,,VR2W-111432,111432,,,
2011-03-22 02:25:21,A69-1303,62423,,,,,,,VR2W-111432,111432,,,
2011-03-22 02:25:59,A69-1303,62423,,,,,,,VR2W-111432,111432,,,
2011-03-22 02:26:24,A69-1303,62423,,,,,,,VR2W-111432,111432,,,
2011-03-22 02:27:41,A69-1303,62438,,,,,,,VR2W-111432,111432,,,
2011-03-22 02:28:23,A69-1303,62423,,,,,,,VR2W-111432,111432,,,
2011-03-22 02:28:57,A69-1303,62423,,,,,,,VR2W-111432,111432,,,
2011-03-22 02:29:17,A69-1303,62423,,,,,,,VR2W-111432,111432,,,
2011-03-22 02:29:38,A69-1303,62423,,,,,,,VR2W-111432,111432,,,
2011-03-22 02:30:01,A69-1303,62423,,,,,,,VR2W-111432,111432,,,
2011-03-22 02:30:27,A69-1303,62423,,,,,,,VR2W-111432,111432,,,
2011-03-22 02:31:02,A69-1303,62423,,,,,,,VR2W-111432,111432,,,
2011-03-22 02:31:22,A69-1303,62423,,,,,,,VR2W-111432,111432,,,
2011-03-22 02:31:43,A69-1303,62423,,,,,,,VR2W-111432,111432,,,
2011-03-22 02:32:07,A69-1303,62423,,,,,,,VR2W-111432,111432,,,
2011-03-22 02:32:36,A69-1303,62423,,,,,,,VR2W-111432,111432,,,
2011-03-22 02:33:15,A69-1303,62423,,,,,,,VR2W-111432,111432,,,
2011-03-22 02:33:43,A69-1303,62423,,,,,,,VR2W-111432,111432,,,
2011-03-22 02:34:21,A69-1303,62423,,,,,,,VR2W-111432,111432,,,
2011-03-22 02:34:47,A69-1303,62423,,,,,,,VR2W-111432,111432,,,
2011-03-22 02:35:21,A69-1303,62423,,,,,,,VR2W-111432,111432,,,
2011-03-22 02:35:41,A69-1303,62423,,,,,,,VR2W-111432,111432,,,
2011-03-22 02:36:01,A69-1303,62423,,,,,,,VR2W-111432,111432,,,
2011-03-22 02:36:23,A69-1303,62423,,,,,,,VR2W-111432,111432,,,
2011-03-22 02:36:49,A69-1303,62423,,,,,,,VR2W-111432,111432,,,
2011-03-22 02:37:21,A69-1303,62423,,,,,,,VR2W-111432,111432,,,
2011-03-22 02:38:06,A69-1303,62423,,,,,,,VR2W-111432,111432,,,
2011-03-22 02:40:08,A69-1303,62423,,,,,,,VR2W-111432,111432,,,
2011-03-22 02:40:55,A69-1303,62423,,,,,,,VR2W-111432,111432,,,
2011-03-22 02:41:41,A69-1303,62423,,,,,,,VR2W-111432,111432,,,
2011-03-22 02:42:23,A69-1303,62423,,,,,,,VR2W-111432,111432,,,
2011-03-22 02:42:58,A69-1303,62423,,,,,,,VR2W-111432,111432,,,
2011-03-22 02:43:19,A69-1303,62423,,,,,,,VR2W-111432,111432,,,
2011-03-22 02:43:44,A69-1303,62423,,,,,,,VR2W-111432,111432,,,
2011-03-22 02:44:13,A69-1303,62423,,,,,,,VR2W-111432,111432,,,
2011-03-22 02:44:54,A69-1303,62423,,,,,,,VR2W-111432,111432,,,
2011-03-22 02:45:26,A69-1303,62423,,,,,,,VR2W-111432,111432,,,
2011-03-22 02:57:47,A69-1303,62423,,,,,,,VR2W-111432,111432,,,
2011-03-22 02:58:07,A69-1303,62423,,,,,,,VR2W-111432,111432,,,
2011-03-22 02:58:28,A69-1303,62423,,,,,,,VR2W-111432,111432,,,
2011-03-22 02:58:51,A69-1303,62423,,,,,,,VR2W-111432,111432,,,
2011-03-22 02:59:18,A69-1303,62423,,,,,,,VR2W-111432,111432,,,
2011-03-22 02:59:54,A69-1303,62423,,,,,,,VR2W-111432,111432,,,
2011-03-22 03:00:16,A69-1303,62423,,,,,,,VR2W-111432,111432,,,
2011-03-22 03:00:42,A69-1303,62423,,,,,,,VR2W-111432,111432,,,
2011-03-22 03:02:01,A69-1303,62423,,,,,,,VR2W-111432,111432,,,
2011-03-22 03:02:44,A69-1303,62423,,,,,,,VR2W-111432,111432,,,
2011-03-22 03:03:23,A69-1303,62423,,,,,,,VR2W-111432,111432,,,
2011-03-22 03:03:51,A69-1303,62423,,,,,,,VR2W-111432,111432,,,
2011-03-22 03:04:28,A69-1303,62423,,,,,,,VR2W-111432,111432,,,
2011-03-22 03:04:53,A69-1303,62423,,,,,,,VR2W-111432,111432,,,
2011-03-22 03:05:25,A69-1303,62423,,,,,,,VR2W-111432,111432,,,
2011-03-22 03:06:11,A69-1303,62423,,,,,,,VR2W-111432,111432,,,
2011-03-22 03:06:52,A69-1303,62423,,,,,,,VR2W-111432,111432,,,
2011-03-22 03:07:27,A69-1303,62423,,,,,,,VR2W-111432,111432,,,
2011-03-22 03:07:46,A69-1303,62423,,,,,,,VR2W-111432,111432,,,
2011-03-22 03:08:08,A69-1303,62423,,,,,,,VR2W-111432,111432,,,
2011-03-22 03:08:31,A69-1303,62423,,,,,,,VR2W-111432,111432,,,
2011-03-22 03:08:58,A69-1303,62423,,,,,,,VR2W-111432,111432,,,
2011-03-22 03:09:35,A69-1303,62423,,,,,,,VR2W-111432,111432,,,
2011-03-22 03:09:58,A69-1303,62423,,,,,,,VR2W-111432,111432,,,
2011-03-22 03:10:27,A69-1303,62423,,,,,,,VR2W-111432,111432,,,
2011-03-22 03:11:05,A69-1303,62423,,,,,,,VR2W-111432,111432,,,
2011-03-22 03:11:32,A69-1303,62423,,,,,,,VR2W-111432,111432,,,
2011-03-22 03:12:07,A69-1303,62423,,,,,,,VR2W-111432,111432,,,
2011-03-22 03:13:57,A69-1303,62423,,,,,,,VR2W-111432,111432,,,
2011-03-27 00:24:31,A69-1303,46181,,,,,,,VR2W-111432,111432,,,
2011-03-27 00:25:27,A69-1303,46181,,,,,,,VR2W-111432,111432,,,
2011-03-27 00:26:28,A69-1303,46181,,,,,,,VR2W-111432,111432,,,
2011-03-27 00:27:36,A69-1303,46181,,,,,,,VR2W-111432,111432,,,
2011-03-27 00:30:52,A69-1303,46181,,,,,,,VR2W-111432,111432,,,
2011-03-27 00:32:24,A69-1303,46181,,,,,,,VR2W-111432,111432,,,
2011-03-27 00:34:35,A69-1303,46181,,,,,,,VR2W-111432,111432,,,
2011-03-27 00:36:43,A69-1303,46181,,,,,,,VR2W-111432,111432,,,
2011-03-27 00:38:47,A69-1303,46181,,,,,,,VR2W-111432,111432,,,
2011-03-27 00:42:14,A69-1303,46181,,,,,,,VR2W-111432,111432,,,
2011-04-10 06:01:55,A69-1303,46177,,,,,,,VR2W-111432,111432,,,
2011-04-10 06:03:23,A69-1303,46177,,,,,,,VR2W-111432,111432,,,
2011-04-10 06:05:26,A69-1303,46177,,,,,,,VR2W-111432,111432,,,
2011-04-10 06:07:17,A69-1303,46177,,,,,,,VR2W-111432,111432,,,
2011-04-10 06:08:46,A69-1303,46177,,,,,,,VR2W-111432,111432,,,
2011-04-10 06:10:51,A69-1303,46177,,,,,,,VR2W-111432,111432,,,
2011-04-10 06:12:48,A69-1303,46177,,,,,,,VR2W-111432,111432,,,
2011-04-10 06:14:27,A69-1303,46177,,,,,,,VR2W-111432,111432,,,
2011-04-10 06:15:33,A69-1303,46177,,,,,,,VR2W-111432,111432,,,
2011-04-10 06:16:50,A69-1303,46177,,,,,,,VR2W-111432,111432,,,
2011-04-10 06:18:32,A69-1303,46177,,,,,,,VR2W-111432,111432,,,
2011-04-10 10:19:49,A69-1303,46177,,,,,,,VR2W-111432,111432,,,
2011-04-10 10:23:05,A69-1303,46177,,,,,,,VR2W-111432,111432,,,
2011-04-10 10:24:38,A69-1303,46177,,,,,,,VR2W-111432,111432,,,
2011-04-10 10:26:50,A69-1303,46177,,,,,,,VR2W-111432,111432,,,
2011-04-10 10:29:00,A69-1303,46177,,,,,,,VR2W-111432,111432,,,
2011-04-10 10:31:07,A69-1303,46177,,,,,,,VR2W-111432,111432,,,
2011-04-10 10:33:07,A69-1303,46177,,,,,,,VR2W-111432,111432,,,
2011-04-10 10:34:55,A69-1303,46177,,,,,,,VR2W-111432,111432,,,
2011-04-10 10:38:07,A69-1303,46177,,,,,,,VR2W-111432,111432,,,
2011-04-10 10:39:34,A69-1303,46177,,,,,,,VR2W-111432,111432,,,
2011-04-10 10:41:34,A69-1303,46177,,,,,,,VR2W-111432,111432,,,
2011-04-10 10:43:21,A69-1303,46177,,,,,,,VR2W-111432,111432,,,
2011-04-10 10:54:31,A69-1303,46177,,,,,,,VR2W-111432,111432,,,
2011-04-10 11:01:03,A69-1303,46177,,,,,,,VR2W-111432,111432,,,
2011-04-10 11:03:09,A69-1303,46177,,,,,,,VR2W-111432,111432,,,
2011-04-10 11:05:07,A69-1303,46177,,,,,,,VR2W-111432,111432,,,
2011-04-10 11:06:49,A69-1303,46177,,,,,,,VR2W-111432,111432,,,
2011-04-10 11:08:01,A69-1303,46177,,,,,,,VR2W-111432,111432,,,
2011-04-10 11:09:30,A69-1303,46177,,,,,,,VR2W-111432,111432,,,
2011-04-10 11:11:36,A69-1303,46177,,,,,,,VR2W-111432,111432,,,
2011-04-10 11:15:15,A69-1303,46177,,,,,,,VR2W-111432,111432,,,
2011-04-10 11:16:26,A69-1303,46177,,,,,,,VR2W-111432,111432,,,
2011-04-10 11:32:45,A69-1303,46177,,,,,,,VR2W-111432,111432,,,
2011-04-10 11:34:02,A69-1303,46177,,,,,,,VR2W-111432,111432,,,
2011-04-10 11:35:43,A69-1303,46177,,,,,,,VR2W-111432,111432,,,
2011-04-10 11:36:51,A69-1303,46177,,,,,,,VR2W-111432,111432,,,
2011-04-10 11:38:15,A69-1303,46177,,,,,,,VR2W-111432,111432,,,
2011-04-10 11:40:08,A69-1303,46177,,,,,,,VR2W-111432,111432,,,
2011-04-10 11:41:40,A69-1303,46177,,,,,,,VR2W-111432,111432,,,
2011-04-10 11:43:51,A69-1303,46177,,,,,,,VR2W-111432,111432,,,
2011-04-10 11:46:00,A69-1303,46177,,,,,,,VR2W-111432,111432,,,
2011-04-10 12:15:41,A69-1303,46177,,,,,,,VR2W-111432,111432,,,
2011-04-10 12:17:35,A69-1303,46177,,,,,,,VR2W-111432,111432,,,
2011-04-10 12:19:09,A69-1303,46177,,,,,,,VR2W-111432,111432,,,
2011-04-10 12:20:02,A69-1303,46177,,,,,,,VR2W-111432,111432,,,
2011-04-10 12:20:56,A69-1303,46177,,,,,,,VR2W-111432,111432,,,
2011-04-10 12:21:50,A69-1303,46177,,,,,,,VR2W-111432,111432,,,
2011-04-10 12:22:44,A69-1303,46177,,,,,,,VR2W-111432,111432,,,
2011-04-10 12:23:38,A69-1303,46177,,,,,,,VR2W-111432,111432,,,
2011-04-10 12:24:32,A69-1303,46177,,,,,,,VR2W-111432,111432,,,
2011-04-10 12:25:27,A69-1303,46177,,,,,,,VR2W-111432,111432,,,
2011-04-10 12:26:23,A69-1303,46177,,,,,,,VR2W-111432,111432,,,
2011-04-10 12:27:22,A69-1303,46177,,,,,,,VR2W-111432,111432,,,
2011-04-10 12:28:26,A69-1303,46177,,,,,,,VR2W-111432,111432,,,
2011-04-10 12:29:40,A69-1303,46177,,,,,,,VR2W-111432,111432,,,
2011-04-10 12:31:13,A69-1303,46177,,,,,,,VR2W-111432,111432,,,
2011-04-10 12:32:07,A69-1303,46177,,,,,,,VR2W-111432,111432,,,
2011-04-10 12:36:36,A69-1303,46177,,,,,,,VR2W-111432,111432,,,
2011-04-21 04:35:14,A69-1303,46173,,,,,,,VR2W-111432,111432,,,
2011-04-21 04:39:27,A69-1303,46173,,,,,,,VR2W-111432,111432,,,
2011-04-21 04:41:23,A69-1303,46173,,,,,,,VR2W-111432,111432,,,
2011-04-21 04:43:00,A69-1303,46173,,,,,,,VR2W-111432,111432,,,
2011-04-21 04:44:00,A69-1303,46173,,,,,,,VR2W-111432,111432,,,
2011-04-21 04:45:07,A69-1303,46173,,,,,,,VR2W-111432,111432,,,
2011-04-21 04:46:27,A69-1303,46173,,,,,,,VR2W-111432,111432,,,
2011-04-21 04:48:13,A69-1303,46173,,,,,,,VR2W-111432,111432,,,
2011-04-21 04:52:33,A69-1303,46173,,,,,,,VR2W-111432,111432,,,
2011-04-21 06:01:52,A69-1303,46173,,,,,,,VR2W-111432,111432,,,
2011-04-27 11:08:11,A69-1303,62423,,,,,,,VR2W-111432,111432,,,
2011-04-27 11:11:58,A69-1303,62423,,,,,,,VR2W-111432,111432,,,
2011-04-27 11:12:33,A69-1303,62423,,,,,,,VR2W-111432,111432,,,
2011-04-27 11:12:55,A69-1303,62423,,,,,,,VR2W-111432,111432,,,
2011-04-27 11:13:20,A69-1303,62423,,,,,,,VR2W-111432,111432,,,
2011-04-27 11:16:00,A69-1303,62423,,,,,,,VR2W-111432,111432,,,
2011-04-27 11:16:37,A69-1303,62423,,,,,,,VR2W-111432,111432,,,
2011-04-27 11:17:01,A69-1303,62423,,,,,,,VR2W-111432,111432,,,
2011-04-27 11:17:31,A69-1303,62423,,,,,,,VR2W-111432,111432,,,
2011-04-27 11:19:32,A69-1303,62423,,,,,,,VR2W-111432,111432,,,
2011-04-27 11:20:17,A69-1303,62423,,,,,,,VR2W-111432,111432,,,
2011-04-27 11:20:59,A69-1303,62423,,,,,,,VR2W-111432,111432,,,
2011-04-27 11:21:34,A69-1303,62423,,,,,,,VR2W-111432,111432,,,
2011-04-27 11:21:55,A69-1303,62423,,,,,,,VR2W-111432,111432,,,
2011-04-27 11:22:19,A69-1303,62423,,,,,,,VR2W-111432,111432,,,
2011-04-27 11:22:47,A69-1303,62423,,,,,,,VR2W-111432,111432,,,
2011-04-27 11:23:23,A69-1303,62423,,,,,,,VR2W-111432,111432,,,
2011-04-27 11:23:48,A69-1303,62423,,,,,,,VR2W-111432,111432,,,
2011-04-27 11:24:19,A69-1303,62423,,,,,,,VR2W-111432,111432,,,
2011-04-27 11:25:02,A69-1303,62423,,,,,,,VR2W-111432,111432,,,
2011-04-27 11:25:40,A69-1303,62423,,,,,,,VR2W-111432,111432,,,
2011-04-27 11:26:05,A69-1303,62423,,,,,,,VR2W-111432,111432,,,
2011-04-27 11:26:38,A69-1303,62423,,,,,,,VR2W-111432,111432,,,
2011-04-27 11:27:24,A69-1303,62423,,,,,,,VR2W-111432,111432,,,
2011-04-27 11:28:07,A69-1303,62423,,,,,,,VR2W-111432,111432,,,
2011-04-27 11:28:45,A69-1303,62423,,,,,,,VR2W-111432,111432,,,
2011-04-27 11:29:11,A69-1303,62423,,,,,,,VR2W-111432,111432,,,
2011-04-27 11:29:46,A69-1303,62423,,,,,,,VR2W-111432,111432,,,
2011-04-27 11:30:05,A69-1303,62423,,,,,,,VR2W-111432,111432,,,
2011-04-27 11:30:26,A69-1303,62423,,,,,,,VR2W-111432,111432,,,
2011-04-27 11:30:47,A69-1303,62423,,,,,,,VR2W-111432,111432,,,
2011-04-27 11:31:12,A69-1303,62423,,,,,,,VR2W-111432,111432,,,
2011-04-27 11:31:42,A69-1303,62423,,,,,,,VR2W-111432,111432,,,
2011-04-27 11:32:24,A69-1303,62423,,,,,,,VR2W-111432,111432,,,
2011-04-27 11:33:00,A69-1303,62423,,,,,,,VR2W-111432,111432,,,
2011-04-27 11:33:21,A69-1303,62423,,,,,,,VR2W-111432,111432,,,
2011-04-27 11:33:45,A69-1303,62423,,,,,,,VR2W-111432,111432,,,
2011-04-27 11:34:15,A69-1303,62423,,,,,,,VR2W-111432,111432,,,
2011-04-27 11:34:55,A69-1303,62423,,,,,,,VR2W-111432,111432,,,
2011-04-27 11:35:27,A69-1303,62423,,,,,,,VR2W-111432,111432,,,
2011-04-27 11:36:12,A69-1303,62423,,,,,,,VR2W-111432,111432,,,
2011-04-27 11:36:53,A69-1303,62423,,,,,,,VR2W-111432,111432,,,
2011-04-27 11:37:26,A69-1303,62423,,,,,,,VR2W-111432,111432,,,
2011-04-27 11:38:13,A69-1303,62423,,,,,,,VR2W-111432,111432,,,
2011-04-27 11:38:59,A69-1303,62423,,,,,,,VR2W-111432,111432,,,
2011-04-27 11:39:42,A69-1303,62423,,,,,,,VR2W-111432,111432,,,
2011-04-27 11:40:18,A69-1303,62423,,,,,,,VR2W-111432,111432,,,
2011-04-27 11:40:42,A69-1303,62423,,,,,,,VR2W-111432,111432,,,
2011-04-27 11:41:11,A69-1303,62423,,,,,,,VR2W-111432,111432,,,
2011-04-27 11:41:49,A69-1303,62423,,,,,,,VR2W-111432,111432,,,
2011-04-27 11:42:18,A69-1303,62423,,,,,,,VR2W-111432,111432,,,
2011-04-27 11:42:57,A69-1303,62423,,,,,,,VR2W-111432,111432,,,
2011-04-27 11:43:25,A69-1303,62423,,,,,,,VR2W-111432,111432,,,
2011-04-27 11:44:02,A69-1303,62423,,,,,,,VR2W-111432,111432,,,
2011-04-27 11:44:27,A69-1303,62423,,,,,,,VR2W-111432,111432,,,
2011-04-27 11:45:44,A69-1303,62423,,,,,,,VR2W-111432,111432,,,
2011-04-27 11:46:24,A69-1303,62423,,,,,,,VR2W-111432,111432,,,
2011-04-27 11:46:57,A69-1303,62423,,,,,,,VR2W-111432,111432,,,
2011-04-27 11:47:44,A69-1303,62423,,,,,,,VR2W-111432,111432,,,
2011-04-27 11:48:28,A69-1303,62423,,,,,,,VR2W-111432,111432,,,
2011-04-27 11:49:07,A69-1303,62423,,,,,,,VR2W-111432,111432,,,
2011-04-27 11:49:38,A69-1303,62423,,,,,,,VR2W-111432,111432,,,
2011-04-27 11:50:19,A69-1303,62423,,,,,,,VR2W-111432,111432,,,
2011-04-27 11:50:53,A69-1303,62423,,,,,,,VR2W-111432,111432,,,
2011-04-27 11:51:34,A69-1303,62423,,,,,,,VR2W-111432,111432,,,
2011-04-27 11:51:56,A69-1303,62423,,,,,,,VR2W-111432,111432,,,
2011-04-27 11:52:22,A69-1303,62423,,,,,,,VR2W-111432,111432,,,
2011-04-27 11:52:55,A69-1303,62423,,,,,,,VR2W-111432,111432,,,
2011-04-27 11:53:41,A69-1303,62423,,,,,,,VR2W-111432,111432,,,
2011-04-27 11:54:25,A69-1303,62423,,,,,,,VR2W-111432,111432,,,
2011-04-27 11:55:05,A69-1303,62423,,,,,,,VR2W-111432,111432,,,
2011-04-27 11:55:36,A69-1303,62423,,,,,,,VR2W-111432,111432,,,
2011-04-27 11:56:18,A69-1303,62423,,,,,,,VR2W-111432,111432,,,
2011-04-27 11:56:53,A69-1303,62423,,,,,,,VR2W-111432,111432,,,
2011-04-27 11:57:15,A69-1303,62423,,,,,,,VR2W-111432,111432,,,
2011-04-27 11:57:39,A69-1303,62423,,,,,,,VR2W-111432,111432,,,
2011-04-27 11:58:09,A69-1303,62423,,,,,,,VR2W-111432,111432,,,
2011-04-27 11:58:51,A69-1303,62423,,,,,,,VR2W-111432,111432,,,
2011-04-27 11:59:25,A69-1303,62423,,,,,,,VR2W-111432,111432,,,
2011-04-27 11:59:44,A69-1303,62423,,,,,,,VR2W-111432,111432,,,
2011-04-27 12:34:01,A69-1303,62423,,,,,,,VR2W-111432,111432,,,
2011-04-27 12:34:49,A69-1303,62423,,,,,,,VR2W-111432,111432,,,
2011-04-27 12:35:37,A69-1303,62423,,,,,,,VR2W-111432,111432,,,
2011-04-27 12:36:24,A69-1303,62423,,,,,,,VR2W-111432,111432,,,
2011-04-27 12:37:50,A69-1303,62423,,,,,,,VR2W-111432,111432,,,
2011-04-27 12:38:23,A69-1303,62423,,,,,,,VR2W-111432,111432,,,
2011-04-27 12:39:56,A69-1303,62423,,,,,,,VR2W-111432,111432,,,
2011-04-27 12:40:38,A69-1303,62423,,,,,,,VR2W-111432,111432,,,
2011-04-27 12:41:14,A69-1303,62423,,,,,,,VR2W-111432,111432,,,
2011-04-27 12:41:37,A69-1303,62423,,,,,,,VR2W-111432,111432,,,
2011-04-27 12:42:03,A69-1303,62423,,,,,,,VR2W-111432,111432,,,
2011-04-27 12:42:38,A69-1303,62423,,,,,,,VR2W-111432,111432,,,
2011-04-27 12:42:58,A69-1303,62423,,,,,,,VR2W-111432,111432,,,
2011-04-27 12:43:19,A69-1303,62423,,,,,,,VR2W-111432,111432,,,
2011-04-27 12:43:43,A69-1303,62423,,,,,,,VR2W-111432,111432,,,
2011-04-27 12:44:12,A69-1303,62423,,,,,,,VR2W-111432,111432,,,
2011-04-27 12:44:52,A69-1303,62423,,,,,,,VR2W-111432,111432,,,
2011-04-27 12:45:22,A69-1303,62423,,,,,,,VR2W-111432,111432,,,
2011-04-27 12:46:02,A69-1303,62423,,,,,,,VR2W-111432,111432,,,
2011-04-27 12:48:06,A69-1303,62423,,,,,,,VR2W-111432,111432,,,
2011-04-27 12:48:47,A69-1303,62423,,,,,,,VR2W-111432,111432,,,
2011-04-27 12:49:18,A69-1303,62423,,,,,,,VR2W-111432,111432,,,
2011-04-27 12:50:03,A69-1303,62423,,,,,,,VR2W-111432,111432,,,
2011-04-27 12:50:42,A69-1303,62423,,,,,,,VR2W-111432,111432,,,
2011-04-27 12:55:48,A69-1303,62423,,,,,,,VR2W-111432,111432,,,
2011-04-27 12:56:54,A69-1303,62423,,,,,,,VR2W-111432,111432,,,
2011-04-27 12:57:20,A69-1303,62423,,,,,,,VR2W-111432,111432,,,
2011-04-27 12:58:39,A69-1303,62423,,,,,,,VR2W-111432,111432,,,
2011-04-27 12:59:24,A69-1303,62423,,,,,,,VR2W-111432,111432,,,
2011-04-27 13:00:04,A69-1303,62423,,,,,,,VR2W-111432,111432,,,
2011-04-27 13:00:35,A69-1303,62423,,,,,,,VR2W-111432,111432,,,
2011-04-27 13:01:19,A69-1303,62423,,,,,,,VR2W-111432,111432,,,
2011-04-27 13:01:57,A69-1303,62423,,,,,,,VR2W-111432,111432,,,
2011-04-27 13:02:26,A69-1303,62423,,,,,,,VR2W-111432,111432,,,
2011-04-27 13:03:05,A69-1303,62423,,,,,,,VR2W-111432,111432,,,
2011-04-27 13:03:33,A69-1303,62423,,,,,,,VR2W-111432,111432,,,
2011-04-27 13:04:10,A69-1303,62423,,,,,,,VR2W-111432,111432,,,
2011-04-27 13:05:08,A69-1303,62423,,,,,,,VR2W-111432,111432,,,
2011-04-27 13:05:55,A69-1303,62423,,,,,,,VR2W-111432,111432,,,
2011-04-27 13:06:39,A69-1303,62423,,,,,,,VR2W-111432,111432,,,
2011-04-27 13:07:18,A69-1303,62423,,,,,,,VR2W-111432,111432,,,
2011-04-27 13:07:47,A69-1303,62423,,,,,,,VR2W-111432,111432,,,
2011-04-27 13:08:28,A69-1303,62423,,,,,,,VR2W-111432,111432,,,
2011-04-27 13:08:59,A69-1303,62423,,,,,,,VR2W-111432,111432,,,
2011-04-27 13:09:44,A69-1303,62423,,,,,,,VR2W-111432,111432,,,
2011-04-27 13:10:24,A69-1303,62423,,,,,,,VR2W-111432,111432,,,
2011-04-27 13:10:56,A69-1303,62423,,,,,,,VR2W-111432,111432,,,
2011-04-27 13:11:40,A69-1303,62423,,,,,,,VR2W-111432,111432,,,
2011-04-27 13:12:20,A69-1303,62423,,,,,,,VR2W-111432,111432,,,
2011-04-27 13:12:50,A69-1303,62423,,,,,,,VR2W-111432,111432,,,
2011-04-27 13:13:33,A69-1303,62423,,,,,,,VR2W-111432,111432,,,
2011-04-27 13:14:09,A69-1303,62423,,,,,,,VR2W-111432,111432,,,
2011-04-27 13:14:33,A69-1303,62423,,,,,,,VR2W-111432,111432,,,
2011-04-27 13:15:02,A69-1303,62423,,,,,,,VR2W-111432,111432,,,
2011-04-27 13:15:41,A69-1303,62423,,,,,,,VR2W-111432,111432,,,
2011-04-27 13:16:11,A69-1303,62423,,,,,,,VR2W-111432,111432,,,
2011-04-27 13:16:50,A69-1303,62423,,,,,,,VR2W-111432,111432,,,
2011-04-27 13:17:20,A69-1303,62423,,,,,,,VR2W-111432,111432,,,
2011-04-27 13:23:36,A69-1303,62423,,,,,,,VR2W-111432,111432,,,
2011-04-27 13:24:52,A69-1303,62423,,,,,,,VR2W-111432,111432,,,
2011-04-27 13:28:19,A69-1303,62423,,,,,,,VR2W-111432,111432,,,
2011-04-27 13:30:48,A69-1303,62423,,,,,,,VR2W-111432,111432,,,
2011-04-27 13:31:17,A69-1303,62423,,,,,,,VR2W-111432,111432,,,
2011-04-27 13:31:57,A69-1303,62423,,,,,,,VR2W-111432,111432,,,
2011-04-27 13:32:27,A69-1303,62423,,,,,,,VR2W-111432,111432,,,
2011-04-27 13:33:09,A69-1303,62423,,,,,,,VR2W-111432,111432,,,
2011-04-27 13:33:43,A69-1303,62423,,,,,,,VR2W-111432,111432,,,
2011-04-27 13:34:03,A69-1303,62423,,,,,,,VR2W-111432,111432,,,
2011-04-27 13:34:25,A69-1303,62423,,,,,,,VR2W-111432,111432,,,
2011-04-27 13:34:48,A69-1303,62423,,,,,,,VR2W-111432,111432,,,
2011-04-27 13:35:17,A69-1303,62423,,,,,,,VR2W-111432,111432,,,
2011-04-27 13:35:56,A69-1303,62423,,,,,,,VR2W-111432,111432,,,
2011-04-27 13:36:25,A69-1303,62423,,,,,,,VR2W-111432,111432,,,
2011-04-27 13:37:04,A69-1303,62423,,,,,,,VR2W-111432,111432,,,
2011-04-27 13:37:33,A69-1303,62423,,,,,,,VR2W-111432,111432,,,
2011-04-27 13:38:13,A69-1303,62423,,,,,,,VR2W-111432,111432,,,
2011-04-27 13:38:43,A69-1303,62423,,,,,,,VR2W-111432,111432,,,
2011-04-27 13:39:24,A69-1303,62423,,,,,,,VR2W-111432,111432,,,
2011-04-27 13:39:57,A69-1303,62423,,,,,,,VR2W-111432,111432,,,
2011-04-27 13:40:46,A69-1303,62423,,,,,,,VR2W-111432,111432,,,
2011-04-27 13:41:33,A69-1303,62423,,,,,,,VR2W-111432,111432,,,
2011-04-27 13:42:20,A69-1303,62423,,,,,,,VR2W-111432,111432,,,
2011-04-27 13:43:04,A69-1303,62423,,,,,,,VR2W-111432,111432,,,
2011-04-27 13:43:44,A69-1303,62423,,,,,,,VR2W-111432,111432,,,
2011-04-27 13:44:14,A69-1303,62423,,,,,,,VR2W-111432,111432,,,
2011-04-27 13:44:56,A69-1303,62423,,,,,,,VR2W-111432,111432,,,
2011-04-27 13:45:32,A69-1303,62423,,,,,,,VR2W-111432,111432,,,
2011-04-27 13:45:54,A69-1303,62423,,,,,,,VR2W-111432,111432,,,
2011-04-27 13:46:18,A69-1303,62423,,,,,,,VR2W-111432,111432,,,
2011-04-27 13:46:49,A69-1303,62423,,,,,,,VR2W-111432,111432,,,
2011-04-27 13:48:08,A69-1303,62423,,,,,,,VR2W-111432,111432,,,
2011-04-27 13:48:32,A69-1303,62423,,,,,,,VR2W-111432,111432,,,
2011-04-27 13:49:00,A69-1303,62423,,,,,,,VR2W-111432,111432,,,
2011-04-27 13:50:58,A69-1303,62423,,,,,,,VR2W-111432,111432,,,
2011-04-27 20:22:33,A69-1303,62423,,,,,,,VR2W-111432,111432,,,
2011-04-27 20:23:14,A69-1303,62423,,,,,,,VR2W-111432,111432,,,
2011-04-27 20:23:46,A69-1303,62423,,,,,,,VR2W-111432,111432,,,
2011-04-27 20:25:51,A69-1303,62423,,,,,,,VR2W-111432,111432,,,
2011-04-27 20:27:57,A69-1303,62423,,,,,,,VR2W-111432,111432,,,
2011-04-27 20:28:42,A69-1303,62423,,,,,,,VR2W-111432,111432,,,
2011-04-27 20:29:22,A69-1303,62423,,,,,,,VR2W-111432,111432,,,
2011-04-27 20:29:55,A69-1303,62423,,,,,,,VR2W-111432,111432,,,
2011-04-27 20:30:42,A69-1303,62423,,,,,,,VR2W-111432,111432,,,
2011-04-27 20:31:27,A69-1303,62423,,,,,,,VR2W-111432,111432,,,
2011-04-27 20:32:08,A69-1303,62423,,,,,,,VR2W-111432,111432,,,
2011-04-27 20:32:41,A69-1303,62423,,,,,,,VR2W-111432,111432,,,
2011-04-27 20:33:27,A69-1303,62423,,,,,,,VR2W-111432,111432,,,
2011-04-27 20:34:12,A69-1303,62423,,,,,,,VR2W-111432,111432,,,
2011-04-27 20:34:52,A69-1303,62423,,,,,,,VR2W-111432,111432,,,
2011-04-27 20:35:25,A69-1303,62423,,,,,,,VR2W-111432,111432,,,
2011-04-27 20:36:10,A69-1303,62423,,,,,,,VR2W-111432,111432,,,
2011-04-27 20:36:52,A69-1303,62423,,,,,,,VR2W-111432,111432,,,
2011-04-27 20:37:27,A69-1303,62423,,,,,,,VR2W-111432,111432,,,
2011-04-27 20:37:48,A69-1303,62423,,,,,,,VR2W-111432,111432,,,
2011-04-27 20:38:11,A69-1303,62423,,,,,,,VR2W-111432,111432,,,
2011-04-27 20:38:39,A69-1303,62423,,,,,,,VR2W-111432,111432,,,
2011-04-27 20:39:16,A69-1303,62423,,,,,,,VR2W-111432,111432,,,
2011-04-27 20:39:41,A69-1303,62423,,,,,,,VR2W-111432,111432,,,
2011-04-27 20:40:11,A69-1303,62423,,,,,,,VR2W-111432,111432,,,
2011-04-27 20:41:28,A69-1303,62423,,,,,,,VR2W-111432,111432,,,
2011-05-03 09:26:56,A69-1303,46181,,,,,,,VR2W-111432,111432,,,
2011-05-09 21:40:17,A69-1303,46175,,,,,,,VR2W-111432,111432,,,
2011-05-09 21:44:45,A69-1303,46175,,,,,,,VR2W-111432,111432,,,
2011-05-09 21:46:56,A69-1303,46175,,,,,,,VR2W-111432,111432,,,
2011-05-09 21:48:21,A69-1303,46175,,,,,,,VR2W-111432,111432,,,
2011-05-09 21:50:18,A69-1303,46175,,,,,,,VR2W-111432,111432,,,
2011-05-09 21:51:58,A69-1303,46175,,,,,,,VR2W-111432,111432,,,
2011-05-09 21:53:05,A69-1303,46175,,,,,,,VR2W-111432,111432,,,
2011-05-09 21:56:13,A69-1303,46175,,,,,,,VR2W-111432,111432,,,
2011-05-09 21:57:34,A69-1303,46175,,,,,,,VR2W-111432,111432,,,
2011-05-09 21:59:22,A69-1303,46175,,,,,,,VR2W-111432,111432,,,
2011-05-09 22:00:45,A69-1303,46175,,,,,,,VR2W-111432,111432,,,
2011-05-09 22:02:38,A69-1303,46175,,,,,,,VR2W-111432,111432,,,
2011-05-09 22:04:09,A69-1303,46175,,,,,,,VR2W-111432,111432,,,
2011-05-09 22:06:19,A69-1303,46175,,,,,,,VR2W-111432,111432,,,
2011-05-09 22:08:24,A69-1303,46175,,,,,,,VR2W-111432,111432,,,
2011-05-09 22:10:22,A69-1303,46175,,,,,,,VR2W-111432,111432,,,
2011-05-09 22:12:03,A69-1303,46175,,,,,,,VR2W-111432,111432,,,
2011-05-09 22:13:12,A69-1303,46175,,,,,,,VR2W-111432,111432,,,
2011-05-09 22:14:37,A69-1303,46175,,,,,,,VR2W-111432,111432,,,
2011-05-09 22:16:33,A69-1303,46175,,,,,,,VR2W-111432,111432,,,
2011-05-09 22:18:10,A69-1303,46175,,,,,,,VR2W-111432,111432,,,
2011-05-09 22:19:12,A69-1303,46175,,,,,,,VR2W-111432,111432,,,
2011-05-09 22:20:21,A69-1303,46175,,,,,,,VR2W-111432,111432,,,
2011-05-09 22:21:46,A69-1303,46175,,,,,,,VR2W-111432,111432,,,
2011-05-09 22:23:42,A69-1303,46175,,,,,,,VR2W-111432,111432,,,
2011-05-09 22:25:21,A69-1303,46175,,,,,,,VR2W-111432,111432,,,
2011-05-09 22:26:26,A69-1303,46175,,,,,,,VR2W-111432,111432,,,
2011-05-09 22:27:42,A69-1303,46175,,,,,,,VR2W-111432,111432,,,
2011-05-09 22:29:20,A69-1303,46175,,,,,,,VR2W-111432,111432,,,
2011-05-09 22:30:23,A69-1303,46175,,,,,,,VR2W-111432,111432,,,
2011-05-09 22:33:03,A69-1303,46175,,,,,,,VR2W-111432,111432,,,
2011-05-09 22:35:07,A69-1303,46175,,,,,,,VR2W-111432,111432,,,
2011-05-09 22:38:36,A69-1303,46175,,,,,,,VR2W-111432,111432,,,
2011-05-10 00:01:59,A69-1303,46175,,,,,,,VR2W-111432,111432,,,
2011-05-10 00:02:54,A69-1303,46175,,,,,,,VR2W-111432,111432,,,
2011-05-10 00:03:51,A69-1303,46175,,,,,,,VR2W-111432,111432,,,
2011-05-10 00:04:52,A69-1303,46175,,,,,,,VR2W-111432,111432,,,
2011-05-10 00:06:00,A69-1303,46175,,,,,,,VR2W-111432,111432,,,
2011-05-10 00:07:22,A69-1303,46175,,,,,,,VR2W-111432,111432,,,
2011-05-10 00:09:12,A69-1303,46175,,,,,,,VR2W-111432,111432,,,
2011-05-10 00:10:39,A69-1303,46175,,,,,,,VR2W-111432,111432,,,
2011-05-10 00:12:39,A69-1303,46175,,,,,,,VR2W-111432,111432,,,
2011-05-10 00:14:27,A69-1303,46175,,,,,,,VR2W-111432,111432,,,
2011-05-10 00:15:48,A69-1303,46175,,,,,,,VR2W-111432,111432,,,
2011-05-10 00:17:36,A69-1303,46175,,,,,,,VR2W-111432,111432,,,
2011-07-07 12:15:22,A69-1303,46234,,,,,,,VR2W-111432,111432,,,
2011-07-07 12:19:42,A69-1303,46234,,,,,,,VR2W-111432,111432,,,
2011-07-07 12:21:10,A69-1303,46234,,,,,,,VR2W-111432,111432,,,
2011-07-07 12:24:58,A69-1303,46234,,,,,,,VR2W-111432,111432,,,
2011-07-07 12:26:21,A69-1303,46234,,,,,,,VR2W-111432,111432,,,
2011-07-07 12:28:12,A69-1303,46234,,,,,,,VR2W-111432,111432,,,
2011-07-07 12:29:40,A69-1303,46234,,,,,,,VR2W-111432,111432,,,
2011-07-07 12:31:44,A69-1303,46234,,,,,,,VR2W-111432,111432,,,
2011-07-07 12:33:38,A69-1303,46234,,,,,,,VR2W-111432,111432,,,
2011-07-07 12:35:11,A69-1303,46234,,,,,,,VR2W-111432,111432,,,
2011-07-07 12:37:24,A69-1303,46234,,,,,,,VR2W-111432,111432,,,
2011-07-07 12:41:48,A69-1303,46234,,,,,,,VR2W-111432,111432,,,
2011-07-07 12:53:07,A69-1303,46234,,,,,,,VR2W-111432,111432,,,
2011-11-17 01:41:38,A69-1303,46235,,,,,,,VR2W-111432,111432,,,
2011-11-17 01:43:13,A69-1303,46235,,,,,,,VR2W-111432,111432,,,
2011-11-17 01:44:11,A69-1303,46235,,,,,,,VR2W-111432,111432,,,
2011-11-17 01:45:13,A69-1303,46235,,,,,,,VR2W-111432,111432,,,
2011-11-17 01:46:23,A69-1303,46235,,,,,,,VR2W-111432,111432,,,
2011-11-17 01:49:51,A69-1303,46235,,,,,,,VR2W-111432,111432,,,
2011-11-17 01:51:40,A69-1303,46235,,,,,,,VR2W-111432,111432,,,
2011-11-17 01:53:03,A69-1303,46235,,,,,,,VR2W-111432,111432,,,
2011-11-17 01:54:56,A69-1303,46235,,,,,,,VR2W-111432,111432,,,
2011-11-17 01:56:28,A69-1303,46235,,,,,,,VR2W-111432,111432,,,
2011-11-17 02:16:14,A69-1303,46235,,,,,,,VR2W-111432,111432,,,
2011-11-17 02:17:43,A69-1303,46235,,,,,,,VR2W-111432,111432,,,
2011-11-17 02:21:42,A69-1303,46235,,,,,,,VR2W-111432,111432,,,
2011-11-17 02:23:19,A69-1303,46235,,,,,,,VR2W-111432,111432,,,
2011-11-17 02:24:18,A69-1303,46235,,,,,,,VR2W-111432,111432,,,
2011-11-17 02:25:22,A69-1303,46235,,,,,,,VR2W-111432,111432,,,
2011-11-17 02:26:37,A69-1303,46235,,,,,,,VR2W-111432,111432,,,
2011-11-17 02:29:15,A69-1303,46235,,,,,,,VR2W-111432,111432,,,
2011-11-17 02:31:46,A69-1303,46235,,,,,,,VR2W-111432,111432,,,
2011-11-17 02:37:17,A69-1303,46235,,,,,,,VR2W-111432,111432,,,
2011-11-17 02:39:19,A69-1303,46235,,,,,,,VR2W-111432,111432,,,
2011-11-17 02:41:09,A69-1303,46235,,,,,,,VR2W-111432,111432,,,
2011-11-17 02:42:37,A69-1303,46235,,,,,,,VR2W-111432,111432,,,
2011-11-17 02:44:38,A69-1303,46235,,,,,,,VR2W-111432,111432,,,
2011-11-17 02:46:29,A69-1303,46235,,,,,,,VR2W-111432,111432,,,
2011-11-17 02:47:56,A69-1303,46235,,,,,,,VR2W-111432,111432,,,
2011-11-17 02:49:56,A69-1303,46235,,,,,,,VR2W-111432,111432,,,
2011-11-17 02:51:42,A69-1303,46235,,,,,,,VR2W-111432,111432,,,
2011-11-17 02:53:03,A69-1303,46235,,,,,,,VR2W-111432,111432,,,
2011-11-17 02:54:50,A69-1303,46235,,,,,,,VR2W-111432,111432,,,
2011-11-17 02:56:11,A69-1303,46235,,,,,,,VR2W-111432,111432,,,
2011-11-17 02:57:59,A69-1303,46235,,,,,,,VR2W-111432,111432,,,
2011-11-17 03:01:15,A69-1303,46235,,,,,,,VR2W-111432,111432,,,
2011-11-17 03:02:47,A69-1303,46235,,,,,,,VR2W-111432,111432,,,
2011-11-17 03:04:57,A69-1303,46235,,,,,,,VR2W-111432,111432,,,
2011-11-17 03:07:03,A69-1303,46235,,,,,,,VR2W-111432,111432,,,
2011-11-17 03:09:03,A69-1303,46235,,,,,,,VR2W-111432,111432,,,
2011-11-17 03:10:48,A69-1303,46235,,,,,,,VR2W-111432,111432,,,
2011-11-17 03:12:06,A69-1303,46235,,,,,,,VR2W-111432,111432,,,
2011-11-17 03:13:49,A69-1303,46235,,,,,,,VR2W-111432,111432,,,
2011-11-17 03:15:00,A69-1303,46235,,,,,,,VR2W-111432,111432,,,
2011-11-17 03:16:30,A69-1303,46235,,,,,,,VR2W-111432,111432,,,
2011-11-17 03:18:36,A69-1303,46235,,,,,,,VR2W-111432,111432,,,
2011-11-17 03:20:33,A69-1303,46235,,,,,,,VR2W-111432,111432,,,
2011-11-17 03:22:15,A69-1303,46235,,,,,,,VR2W-111432,111432,,,
2011-11-17 03:23:26,A69-1303,46235,,,,,,,VR2W-111432,111432,,,
2011-11-17 03:24:54,A69-1303,46235,,,,,,,VR2W-111432,111432,,,
2011-11-17 03:26:56,A69-1303,46235,,,,,,,VR2W-111432,111432,,,
2011-11-17 03:28:46,A69-1303,46235,,,,,,,VR2W-111432,111432,,,
2011-11-17 03:30:13,A69-1303,46235,,,,,,,VR2W-111432,111432,,,
2011-11-17 03:35:24,A69-1303,46235,,,,,,,VR2W-111432,111432,,,
2011-11-17 03:37:17,A69-1303,46235,,,,,,,VR2W-111432,111432,,,
2011-11-17 03:38:47,A69-1303,46235,,,,,,,VR2W-111432,111432,,,
2011-11-17 03:40:55,A69-1303,46235,,,,,,,VR2W-111432,111432,,,
2011-11-17 03:42:56,A69-1303,46235,,,,,,,VR2W-111432,111432,,,
2011-11-17 03:44:47,A69-1303,46235,,,,,,,VR2W-111432,111432,,,
2011-11-17 03:46:14,A69-1303,46235,,,,,,,VR2W-111432,111432,,,
2011-11-17 03:48:14,A69-1303,46235,,,,,,,VR2W-111432,111432,,,
2011-11-17 03:50:02,A69-1303,46235,,,,,,,VR2W-111432,111432,,,
2011-11-17 03:51:24,A69-1303,46235,,,,,,,VR2W-111432,111432,,,
2011-11-17 03:53:15,A69-1303,46235,,,,,,,VR2W-111432,111432,,,
2011-11-17 03:54:43,A69-1303,46235,,,,,,,VR2W-111432,111432,,,
2011-11-17 03:58:38,A69-1303,46235,,,,,,,VR2W-111432,111432,,,
2011-11-17 04:10:45,A69-1303,46235,,,,,,,VR2W-111432,111432,,,
2011-12-08 19:59:48,A69-1601,27277,,,,,,,VR2W-111432,111432,,,
2012-01-03 11:10:56,A69-1601,28035,,,,,,,VR2W-111432,111432,,,
2012-01-03 11:49:59,A69-1303,21778,,,,,,,VR2W-111432,111432,,,
2012-03-30 06:04:03,A69-1105,190,18,ADC,,,,,VR2W-111432,111432,,,
2012-04-03 10:01:12,A69-1601,26591,,,,,,,VR2W-111432,111432,,,
